cantGimnasios,cantPokeparadas,tamMochila,distancia,tamCamino,tiempo
1,0,12,0,1,11611
1,0,12,0,1,9477
1,0,12,0,1,9361
1,0,12,0,1,8820
1,0,12,0,1,8962
1,0,12,0,1,10009
1,0,12,0,1,9007
1,0,12,0,1,19791
1,0,12,0,1,7305
1,0,12,0,1,7337
1,0,12,0,1,7069
1,0,12,0,1,7556
1,0,12,0,1,7513
1,0,12,0,1,7728
1,0,12,0,1,7246
1,0,12,0,1,7210
1,0,12,0,1,7092
1,0,12,0,1,7193
1,0,12,0,1,7245
1,0,12,0,1,7125
1,0,12,0,1,7494
1,0,12,0,1,7120
1,0,12,0,1,7223
1,0,12,0,1,7310
1,0,12,0,1,7527
1,0,12,0,1,7175
1,0,12,0,1,6949
1,0,12,0,1,7106
1,0,12,0,1,7104
1,0,12,0,1,7008
1,0,12,0,1,6999
1,0,12,0,1,7435
1,0,12,0,1,7483
1,0,12,0,1,7195
1,0,12,0,1,7187
1,0,12,0,1,7123
1,0,12,0,1,7088
1,0,12,0,1,7450
1,0,12,0,1,7191
1,0,12,0,1,7314
1,0,12,0,1,7602
1,0,12,0,1,7448
1,0,12,0,1,7326
1,0,12,0,1,7231
1,0,12,0,1,6935
1,0,12,0,1,7491
1,0,12,0,1,6927
1,0,12,0,1,7399
1,0,12,0,1,7190
1,0,12,0,1,7176
1,0,12,0,1,7487
1,0,12,0,1,7524
1,0,12,0,1,7122
1,0,12,0,1,7462
1,0,12,0,1,7257
1,0,12,0,1,7159
1,0,12,0,1,7015
1,0,12,0,1,7411
1,0,12,0,1,7220
1,0,12,0,1,6995
1,0,12,0,1,7358
1,0,12,0,1,7425
1,0,12,0,1,7443
1,0,12,0,1,7361
1,0,12,0,1,7420
1,0,12,0,1,7368
1,0,12,0,1,7339
1,0,12,0,1,7323
1,0,12,0,1,7149
1,0,12,0,1,7011
1,0,12,0,1,7059
1,0,12,0,1,7615
1,0,12,0,1,6899
1,0,12,0,1,7301
1,0,12,0,1,7039
1,0,12,0,1,7191
1,0,12,0,1,7484
1,0,12,0,1,7572
1,0,12,0,1,7663
1,0,12,0,1,7480
1,0,12,0,1,7322
1,0,12,0,1,7228
1,0,12,0,1,7364
1,0,12,0,1,7173
1,0,12,0,1,7285
1,0,12,0,1,7359
1,0,12,0,1,7389
1,0,12,0,1,7611
1,0,12,0,1,7293
1,0,12,0,1,7602
1,0,12,0,1,7304
1,0,12,0,1,7359
1,0,12,0,1,7312
1,0,12,0,1,7575
1,0,12,0,1,7095
1,0,12,0,1,7190
1,0,12,0,1,7190
1,0,12,0,1,7333
1,0,12,0,1,7254
1,0,12,0,1,7217
2,0,12,679,2,20051
2,0,12,679,2,12206
2,0,12,679,2,12800
2,0,12,679,2,10358
2,0,12,679,2,10091
2,0,12,679,2,10364
2,0,12,679,2,10084
2,0,12,679,2,9798
2,0,12,679,2,10383
2,0,12,679,2,10011
2,0,12,679,2,10215
2,0,12,679,2,10291
2,0,12,679,2,10374
2,0,12,679,2,9182
2,0,12,679,2,10265
2,0,12,679,2,9485
2,0,12,679,2,10167
2,0,12,679,2,10113
2,0,12,679,2,9933
2,0,12,679,2,10000
2,0,12,679,2,9837
2,0,12,679,2,10423
2,0,12,679,2,10418
2,0,12,679,2,10023
2,0,12,679,2,10145
2,0,12,679,2,10214
2,0,12,679,2,9618
2,0,12,679,2,9929
2,0,12,679,2,9794
2,0,12,679,2,9758
2,0,12,679,2,10340
2,0,12,679,2,9822
2,0,12,679,2,10301
2,0,12,679,2,10252
2,0,12,679,2,10041
2,0,12,679,2,9958
2,0,12,679,2,10666
2,0,12,679,2,9886
2,0,12,679,2,10205
2,0,12,679,2,10338
2,0,12,679,2,9801
2,0,12,679,2,10077
2,0,12,679,2,10585
2,0,12,679,2,9860
2,0,12,679,2,10100
2,0,12,679,2,10179
2,0,12,679,2,9896
2,0,12,679,2,9944
2,0,12,679,2,10316
2,0,12,679,2,9842
2,0,12,679,2,9713
2,0,12,679,2,9529
2,0,12,679,2,9909
2,0,12,679,2,10479
2,0,12,679,2,9832
2,0,12,679,2,9916
2,0,12,679,2,10710
2,0,12,679,2,9869
2,0,12,679,2,10276
2,0,12,679,2,10274
2,0,12,679,2,10128
2,0,12,679,2,9737
2,0,12,679,2,10340
2,0,12,679,2,9694
2,0,12,679,2,10175
2,0,12,679,2,9647
2,0,12,679,2,9841
2,0,12,679,2,9744
2,0,12,679,2,9955
2,0,12,679,2,10767
2,0,12,679,2,9938
2,0,12,679,2,9656
2,0,12,679,2,10118
2,0,12,679,2,10153
2,0,12,679,2,10237
2,0,12,679,2,9890
2,0,12,679,2,10222
2,0,12,679,2,10185
2,0,12,679,2,9902
2,0,12,679,2,9905
2,0,12,679,2,10517
2,0,12,679,2,9964
2,0,12,679,2,9734
2,0,12,679,2,10554
2,0,12,679,2,10099
2,0,12,679,2,9915
2,0,12,679,2,10010
2,0,12,679,2,10110
2,0,12,679,2,10081
2,0,12,679,2,9814
2,0,12,679,2,9904
2,0,12,679,2,10284
2,0,12,679,2,9931
2,0,12,679,2,9726
2,0,12,679,2,10319
2,0,12,679,2,9893
2,0,12,679,2,10065
2,0,12,679,2,9523
2,0,12,679,2,10059
2,0,12,679,2,10433
3,0,12,719,3,23368
3,0,12,719,3,16260
3,0,12,719,3,26840
3,0,12,719,3,14070
3,0,12,719,3,13904
3,0,12,719,3,13462
3,0,12,719,3,13928
3,0,12,719,3,13663
3,0,12,719,3,13963
3,0,12,719,3,13500
3,0,12,719,3,13762
3,0,12,719,3,13485
3,0,12,719,3,14037
3,0,12,719,3,13612
3,0,12,719,3,13627
3,0,12,719,3,13483
3,0,12,719,3,13765
3,0,12,719,3,13517
3,0,12,719,3,13434
3,0,12,719,3,13513
3,0,12,719,3,13556
3,0,12,719,3,13279
3,0,12,719,3,13400
3,0,12,719,3,13177
3,0,12,719,3,13381
3,0,12,719,3,13883
3,0,12,719,3,13424
3,0,12,719,3,13456
3,0,12,719,3,13970
3,0,12,719,3,13702
3,0,12,719,3,14296
3,0,12,719,3,13546
3,0,12,719,3,14144
3,0,12,719,3,14291
3,0,12,719,3,13990
3,0,12,719,3,13893
3,0,12,719,3,14016
3,0,12,719,3,13922
3,0,12,719,3,13632
3,0,12,719,3,14327
3,0,12,719,3,14315
3,0,12,719,3,13872
3,0,12,719,3,13359
3,0,12,719,3,13893
3,0,12,719,3,13699
3,0,12,719,3,13428
3,0,12,719,3,14112
3,0,12,719,3,14498
3,0,12,719,3,13995
3,0,12,719,3,13672
3,0,12,719,3,13311
3,0,12,719,3,13416
3,0,12,719,3,13727
3,0,12,719,3,13709
3,0,12,719,3,13512
3,0,12,719,3,13679
3,0,12,719,3,13571
3,0,12,719,3,13862
3,0,12,719,3,13629
3,0,12,719,3,13714
3,0,12,719,3,13691
3,0,12,719,3,13638
3,0,12,719,3,13377
3,0,12,719,3,13556
3,0,12,719,3,13352
3,0,12,719,3,13924
3,0,12,719,3,13665
3,0,12,719,3,13588
3,0,12,719,3,13522
3,0,12,719,3,13827
3,0,12,719,3,13841
3,0,12,719,3,13581
3,0,12,719,3,13804
3,0,12,719,3,13533
3,0,12,719,3,14051
3,0,12,719,3,13678
3,0,12,719,3,13976
3,0,12,719,3,14193
3,0,12,719,3,13359
3,0,12,719,3,13291
3,0,12,719,3,13675
3,0,12,719,3,13832
3,0,12,719,3,14245
3,0,12,719,3,13672
3,0,12,719,3,13721
3,0,12,719,3,13434
3,0,12,719,3,13920
3,0,12,719,3,13801
3,0,12,719,3,13747
3,0,12,719,3,13754
3,0,12,719,3,13516
3,0,12,719,3,14370
3,0,12,719,3,13576
3,0,12,719,3,13711
3,0,12,719,3,13618
3,0,12,719,3,13529
3,0,12,719,3,13600
3,0,12,719,3,13663
3,0,12,719,3,13674
3,0,12,719,3,13804
3,1,12,1393,4,23465
3,1,12,1393,4,16369
3,1,12,1393,4,16377
3,1,12,1393,4,14154
3,1,12,1393,4,14204
3,1,12,1393,4,14055
3,1,12,1393,4,14268
3,1,12,1393,4,14380
3,1,12,1393,4,14516
3,1,12,1393,4,13929
3,1,12,1393,4,14536
3,1,12,1393,4,13884
3,1,12,1393,4,13753
3,1,12,1393,4,14414
3,1,12,1393,4,14174
3,1,12,1393,4,14131
3,1,12,1393,4,13619
3,1,12,1393,4,14306
3,1,12,1393,4,14272
3,1,12,1393,4,14021
3,1,12,1393,4,14344
3,1,12,1393,4,14022
3,1,12,1393,4,14360
3,1,12,1393,4,13889
3,1,12,1393,4,13484
3,1,12,1393,4,14090
3,1,12,1393,4,14319
3,1,12,1393,4,14262
3,1,12,1393,4,14220
3,1,12,1393,4,14039
3,1,12,1393,4,14344
3,1,12,1393,4,14478
3,1,12,1393,4,14347
3,1,12,1393,4,13979
3,1,12,1393,4,14034
3,1,12,1393,4,13981
3,1,12,1393,4,13824
3,1,12,1393,4,14202
3,1,12,1393,4,13636
3,1,12,1393,4,13971
3,1,12,1393,4,13611
3,1,12,1393,4,13722
3,1,12,1393,4,13989
3,1,12,1393,4,14309
3,1,12,1393,4,14188
3,1,12,1393,4,13983
3,1,12,1393,4,13890
3,1,12,1393,4,14331
3,1,12,1393,4,13928
3,1,12,1393,4,13595
3,1,12,1393,4,13726
3,1,12,1393,4,13963
3,1,12,1393,4,14385
3,1,12,1393,4,14007
3,1,12,1393,4,14175
3,1,12,1393,4,14162
3,1,12,1393,4,13950
3,1,12,1393,4,14051
3,1,12,1393,4,14041
3,1,12,1393,4,14194
3,1,12,1393,4,13777
3,1,12,1393,4,13463
3,1,12,1393,4,13979
3,1,12,1393,4,14020
3,1,12,1393,4,14496
3,1,12,1393,4,14208
3,1,12,1393,4,14468
3,1,12,1393,4,14225
3,1,12,1393,4,14466
3,1,12,1393,4,13938
3,1,12,1393,4,14011
3,1,12,1393,4,14249
3,1,12,1393,4,14002
3,1,12,1393,4,13825
3,1,12,1393,4,13828
3,1,12,1393,4,13741
3,1,12,1393,4,14353
3,1,12,1393,4,14059
3,1,12,1393,4,14127
3,1,12,1393,4,14347
3,1,12,1393,4,14419
3,1,12,1393,4,13935
3,1,12,1393,4,14329
3,1,12,1393,4,14193
3,1,12,1393,4,14660
3,1,12,1393,4,14556
3,1,12,1393,4,14196
3,1,12,1393,4,14667
3,1,12,1393,4,14328
3,1,12,1393,4,14141
3,1,12,1393,4,14504
3,1,12,1393,4,14545
3,1,12,1393,4,14285
3,1,12,1393,4,14171
3,1,12,1393,4,14771
3,1,12,1393,4,14052
3,1,12,1393,4,14615
3,1,12,1393,4,14190
3,1,12,1393,4,14888
3,1,12,1393,4,14142
5,0,12,1539,5,33591
5,0,12,1539,5,30535
5,0,12,1539,5,36939
5,0,12,1539,5,25844
5,0,12,1539,5,25672
5,0,12,1539,5,25744
5,0,12,1539,5,24976
5,0,12,1539,5,25177
5,0,12,1539,5,24974
5,0,12,1539,5,25393
5,0,12,1539,5,25376
5,0,12,1539,5,25412
5,0,12,1539,5,25686
5,0,12,1539,5,25014
5,0,12,1539,5,25267
5,0,12,1539,5,25024
5,0,12,1539,5,25223
5,0,12,1539,5,25510
5,0,12,1539,5,25205
5,0,12,1539,5,30849
5,0,12,1539,5,25118
5,0,12,1539,5,25419
5,0,12,1539,5,26124
5,0,12,1539,5,25829
5,0,12,1539,5,25215
5,0,12,1539,5,25094
5,0,12,1539,5,25479
5,0,12,1539,5,24978
5,0,12,1539,5,24811
5,0,12,1539,5,25218
5,0,12,1539,5,25393
5,0,12,1539,5,25107
5,0,12,1539,5,25300
5,0,12,1539,5,25626
5,0,12,1539,5,25325
5,0,12,1539,5,25034
5,0,12,1539,5,25594
5,0,12,1539,5,24514
5,0,12,1539,5,25018
5,0,12,1539,5,25476
5,0,12,1539,5,25604
5,0,12,1539,5,24591
5,0,12,1539,5,25204
5,0,12,1539,5,25140
5,0,12,1539,5,25384
5,0,12,1539,5,25285
5,0,12,1539,5,25913
5,0,12,1539,5,25332
5,0,12,1539,5,25343
5,0,12,1539,5,25567
5,0,12,1539,5,25103
5,0,12,1539,5,25651
5,0,12,1539,5,25093
5,0,12,1539,5,25355
5,0,12,1539,5,25091
5,0,12,1539,5,24841
5,0,12,1539,5,25168
5,0,12,1539,5,24809
5,0,12,1539,5,25073
5,0,12,1539,5,24499
5,0,12,1539,5,25109
5,0,12,1539,5,24985
5,0,12,1539,5,24877
5,0,12,1539,5,25393
5,0,12,1539,5,25303
5,0,12,1539,5,25374
5,0,12,1539,5,25148
5,0,12,1539,5,25131
5,0,12,1539,5,25130
5,0,12,1539,5,25114
5,0,12,1539,5,25301
5,0,12,1539,5,24856
5,0,12,1539,5,25127
5,0,12,1539,5,25321
5,0,12,1539,5,25160
5,0,12,1539,5,24428
5,0,12,1539,5,25452
5,0,12,1539,5,24989
5,0,12,1539,5,25301
5,0,12,1539,5,25000
5,0,12,1539,5,24400
5,0,12,1539,5,25256
5,0,12,1539,5,24968
5,0,12,1539,5,25053
5,0,12,1539,5,25378
5,0,12,1539,5,25438
5,0,12,1539,5,24828
5,0,12,1539,5,25017
5,0,12,1539,5,25057
5,0,12,1539,5,25172
5,0,12,1539,5,25467
5,0,12,1539,5,24818
5,0,12,1539,5,25417
5,0,12,1539,5,25139
5,0,12,1539,5,25589
5,0,12,1539,5,24973
5,0,12,1539,5,25821
5,0,12,1539,5,25408
5,0,12,1539,5,25869
5,0,12,1539,5,25457
1,5,12,924,3,7122
1,5,12,924,3,8751
1,5,12,924,3,9156
1,5,12,924,3,8747
1,5,12,924,3,8874
1,5,12,924,3,8607
1,5,12,924,3,9108
1,5,12,924,3,8638
1,5,12,924,3,8880
1,5,12,924,3,8729
1,5,12,924,3,8497
1,5,12,924,3,9152
1,5,12,924,3,9422
1,5,12,924,3,8708
1,5,12,924,3,8881
1,5,12,924,3,8516
1,5,12,924,3,9194
1,5,12,924,3,8497
1,5,12,924,3,8676
1,5,12,924,3,8419
1,5,12,924,3,8426
1,5,12,924,3,8877
1,5,12,924,3,9341
1,5,12,924,3,8599
1,5,12,924,3,8597
1,5,12,924,3,8697
1,5,12,924,3,8540
1,5,12,924,3,8792
1,5,12,924,3,9347
1,5,12,924,3,8570
1,5,12,924,3,8579
1,5,12,924,3,8606
1,5,12,924,3,8990
1,5,12,924,3,8531
1,5,12,924,3,9408
1,5,12,924,3,8918
1,5,12,924,3,9064
1,5,12,924,3,8831
1,5,12,924,3,8896
1,5,12,924,3,9003
1,5,12,924,3,9063
1,5,12,924,3,8857
1,5,12,924,3,8855
1,5,12,924,3,8400
1,5,12,924,3,8849
1,5,12,924,3,8404
1,5,12,924,3,8667
1,5,12,924,3,8896
1,5,12,924,3,8699
1,5,12,924,3,8822
1,5,12,924,3,8661
1,5,12,924,3,8382
1,5,12,924,3,8789
1,5,12,924,3,8944
1,5,12,924,3,8889
1,5,12,924,3,8657
1,5,12,924,3,8566
1,5,12,924,3,8609
1,5,12,924,3,8844
1,5,12,924,3,8532
1,5,12,924,3,8954
1,5,12,924,3,8617
1,5,12,924,3,8624
1,5,12,924,3,8831
1,5,12,924,3,8668
1,5,12,924,3,8642
1,5,12,924,3,9038
1,5,12,924,3,8557
1,5,12,924,3,8612
1,5,12,924,3,8757
1,5,12,924,3,8625
1,5,12,924,3,8620
1,5,12,924,3,9024
1,5,12,924,3,8594
1,5,12,924,3,8573
1,5,12,924,3,8496
1,5,12,924,3,8676
1,5,12,924,3,8485
1,5,12,924,3,9095
1,5,12,924,3,8711
1,5,12,924,3,8780
1,5,12,924,3,8887
1,5,12,924,3,8993
1,5,12,924,3,8811
1,5,12,924,3,8593
1,5,12,924,3,8813
1,5,12,924,3,8691
1,5,12,924,3,8431
1,5,12,924,3,8943
1,5,12,924,3,8693
1,5,12,924,3,8336
1,5,12,924,3,8766
1,5,12,924,3,8532
1,5,12,924,3,8839
1,5,12,924,3,9381
1,5,12,924,3,8681
1,5,12,924,3,9071
1,5,12,924,3,8909
1,5,12,924,3,8826
1,5,12,924,3,9101
4,3,12,1179,5,27073
4,3,12,1179,5,20561
4,3,12,1179,5,30424
4,3,12,1179,5,19201
4,3,12,1179,5,19050
4,3,12,1179,5,18836
4,3,12,1179,5,18721
4,3,12,1179,5,18740
4,3,12,1179,5,18896
4,3,12,1179,5,19644
4,3,12,1179,5,18605
4,3,12,1179,5,19007
4,3,12,1179,5,19652
4,3,12,1179,5,19246
4,3,12,1179,5,19152
4,3,12,1179,5,19152
4,3,12,1179,5,19430
4,3,12,1179,5,19492
4,3,12,1179,5,19300
4,3,12,1179,5,19340
4,3,12,1179,5,19213
4,3,12,1179,5,19362
4,3,12,1179,5,19581
4,3,12,1179,5,18888
4,3,12,1179,5,19807
4,3,12,1179,5,19597
4,3,12,1179,5,19021
4,3,12,1179,5,19505
4,3,12,1179,5,19076
4,3,12,1179,5,19204
4,3,12,1179,5,18828
4,3,12,1179,5,19348
4,3,12,1179,5,19009
4,3,12,1179,5,19209
4,3,12,1179,5,18991
4,3,12,1179,5,19486
4,3,12,1179,5,18656
4,3,12,1179,5,19127
4,3,12,1179,5,18948
4,3,12,1179,5,19445
4,3,12,1179,5,18797
4,3,12,1179,5,19202
4,3,12,1179,5,19074
4,3,12,1179,5,19280
4,3,12,1179,5,18952
4,3,12,1179,5,19224
4,3,12,1179,5,19143
4,3,12,1179,5,19311
4,3,12,1179,5,19185
4,3,12,1179,5,18805
4,3,12,1179,5,18876
4,3,12,1179,5,19138
4,3,12,1179,5,18964
4,3,12,1179,5,18830
4,3,12,1179,5,19202
4,3,12,1179,5,18901
4,3,12,1179,5,19365
4,3,12,1179,5,18694
4,3,12,1179,5,19019
4,3,12,1179,5,18824
4,3,12,1179,5,19096
4,3,12,1179,5,18867
4,3,12,1179,5,19323
4,3,12,1179,5,19095
4,3,12,1179,5,19116
4,3,12,1179,5,18990
4,3,12,1179,5,18974
4,3,12,1179,5,18821
4,3,12,1179,5,18623
4,3,12,1179,5,18874
4,3,12,1179,5,18961
4,3,12,1179,5,18711
4,3,12,1179,5,19039
4,3,12,1179,5,18529
4,3,12,1179,5,18764
4,3,12,1179,5,18987
4,3,12,1179,5,19344
4,3,12,1179,5,19779
4,3,12,1179,5,19500
4,3,12,1179,5,19195
4,3,12,1179,5,19165
4,3,12,1179,5,19812
4,3,12,1179,5,19305
4,3,12,1179,5,19248
4,3,12,1179,5,19351
4,3,12,1179,5,19438
4,3,12,1179,5,18752
4,3,12,1179,5,19790
4,3,12,1179,5,18886
4,3,12,1179,5,18842
4,3,12,1179,5,18593
4,3,12,1179,5,18920
4,3,12,1179,5,19195
4,3,12,1179,5,19163
4,3,12,1179,5,18833
4,3,12,1179,5,19092
4,3,12,1179,5,19271
4,3,12,1179,5,19190
4,3,12,1179,5,19184
4,3,12,1179,5,18905
6,2,12,2263,7,38571
6,2,12,2263,7,46740
6,2,12,2263,7,57356
6,2,12,2263,7,45464
6,2,12,2263,7,45520
6,2,12,2263,7,45690
6,2,12,2263,7,57236
6,2,12,2263,7,44952
6,2,12,2263,7,45410
6,2,12,2263,7,44786
6,2,12,2263,7,56242
6,2,12,2263,7,57019
6,2,12,2263,7,44964
6,2,12,2263,7,46153
6,2,12,2263,7,57328
6,2,12,2263,7,45864
6,2,12,2263,7,31657
6,2,12,2263,7,43317
6,2,12,2263,7,59658
6,2,12,2263,7,32106
6,2,12,2263,7,54738
6,2,12,2263,7,55094
6,2,12,2263,7,43571
6,2,12,2263,7,45016
6,2,12,2263,7,46406
6,2,12,2263,7,57770
6,2,12,2263,7,57757
6,2,12,2263,7,45115
6,2,12,2263,7,45806
6,2,12,2263,7,57927
6,2,12,2263,7,57710
6,2,12,2263,7,56750
6,2,12,2263,7,57715
6,2,12,2263,7,57512
6,2,12,2263,7,45044
6,2,12,2263,7,46221
6,2,12,2263,7,45907
6,2,12,2263,7,57212
6,2,12,2263,7,56634
6,2,12,2263,7,45819
6,2,12,2263,7,33863
6,2,12,2263,7,31435
6,2,12,2263,7,54461
6,2,12,2263,7,54924
6,2,12,2263,7,54601
6,2,12,2263,7,43619
6,2,12,2263,7,54883
6,2,12,2263,7,55025
6,2,12,2263,7,54603
6,2,12,2263,7,54184
6,2,12,2263,7,43470
6,2,12,2263,7,43504
6,2,12,2263,7,57101
6,2,12,2263,7,45384
6,2,12,2263,7,34109
6,2,12,2263,7,34780
6,2,12,2263,7,57337
6,2,12,2263,7,45749
6,2,12,2263,7,44935
6,2,12,2263,7,34029
6,2,12,2263,7,34228
6,2,12,2263,7,58162
6,2,12,2263,7,56782
6,2,12,2263,7,45033
6,2,12,2263,7,45652
6,2,12,2263,7,34286
6,2,12,2263,7,43955
6,2,12,2263,7,43062
6,2,12,2263,7,43972
6,2,12,2263,7,45058
6,2,12,2263,7,45663
6,2,12,2263,7,45913
6,2,12,2263,7,45632
6,2,12,2263,7,45760
6,2,12,2263,7,45622
6,2,12,2263,7,56831
6,2,12,2263,7,44874
6,2,12,2263,7,45420
6,2,12,2263,7,46808
6,2,12,2263,7,57473
6,2,12,2263,7,57076
6,2,12,2263,7,56295
6,2,12,2263,7,50608
6,2,12,2263,7,43089
6,2,12,2263,7,30876
6,2,12,2263,7,31415
6,2,12,2263,7,31809
6,2,12,2263,7,31212
6,2,12,2263,7,31361
6,2,12,2263,7,31753
6,2,12,2263,7,31621
6,2,12,2263,7,31834
6,2,12,2263,7,31544
6,2,12,2263,7,32031
6,2,12,2263,7,31629
6,2,12,2263,7,31145
6,2,12,2263,7,31961
6,2,12,2263,7,31949
6,2,12,2263,7,31456
6,2,12,2263,7,31523
5,4,12,1511,6,19207
5,4,12,1511,6,26307
5,4,12,1511,6,26280
5,4,12,1511,6,25753
5,4,12,1511,6,25828
5,4,12,1511,6,25547
5,4,12,1511,6,25764
5,4,12,1511,6,25846
5,4,12,1511,6,47860
5,4,12,1511,6,25861
5,4,12,1511,6,26053
5,4,12,1511,6,25338
5,4,12,1511,6,25371
5,4,12,1511,6,26025
5,4,12,1511,6,25503
5,4,12,1511,6,25795
5,4,12,1511,6,26037
5,4,12,1511,6,25775
5,4,12,1511,6,26246
5,4,12,1511,6,25849
5,4,12,1511,6,26330
5,4,12,1511,6,25785
5,4,12,1511,6,25735
5,4,12,1511,6,25994
5,4,12,1511,6,25671
5,4,12,1511,6,25764
5,4,12,1511,6,25755
5,4,12,1511,6,25625
5,4,12,1511,6,26381
5,4,12,1511,6,25675
5,4,12,1511,6,25923
5,4,12,1511,6,25490
5,4,12,1511,6,26153
5,4,12,1511,6,25719
5,4,12,1511,6,25788
5,4,12,1511,6,25747
5,4,12,1511,6,26344
5,4,12,1511,6,25770
5,4,12,1511,6,25670
5,4,12,1511,6,25924
5,4,12,1511,6,25601
5,4,12,1511,6,25898
5,4,12,1511,6,25656
5,4,12,1511,6,25610
5,4,12,1511,6,25760
5,4,12,1511,6,25724
5,4,12,1511,6,25615
5,4,12,1511,6,26089
5,4,12,1511,6,25559
5,4,12,1511,6,25942
5,4,12,1511,6,26105
5,4,12,1511,6,25886
5,4,12,1511,6,26166
5,4,12,1511,6,25993
5,4,12,1511,6,25934
5,4,12,1511,6,48048
5,4,12,1511,6,26032
5,4,12,1511,6,26242
5,4,12,1511,6,26418
5,4,12,1511,6,26001
5,4,12,1511,6,25983
5,4,12,1511,6,25980
5,4,12,1511,6,25600
5,4,12,1511,6,25885
5,4,12,1511,6,25807
5,4,12,1511,6,25863
5,4,12,1511,6,25844
5,4,12,1511,6,26074
5,4,12,1511,6,25715
5,4,12,1511,6,25881
5,4,12,1511,6,26143
5,4,12,1511,6,25478
5,4,12,1511,6,25168
5,4,12,1511,6,25577
5,4,12,1511,6,25779
5,4,12,1511,6,25719
5,4,12,1511,6,25766
5,4,12,1511,6,25907
5,4,12,1511,6,26315
5,4,12,1511,6,25518
5,4,12,1511,6,25591
5,4,12,1511,6,25654
5,4,12,1511,6,25755
5,4,12,1511,6,25488
5,4,12,1511,6,25768
5,4,12,1511,6,26290
5,4,12,1511,6,26106
5,4,12,1511,6,25979
5,4,12,1511,6,25958
5,4,12,1511,6,25956
5,4,12,1511,6,25786
5,4,12,1511,6,26368
5,4,12,1511,6,25619
5,4,12,1511,6,25635
5,4,12,1511,6,25359
5,4,12,1511,6,25550
5,4,12,1511,6,25457
5,4,12,1511,6,25849
5,4,12,1511,6,25594
5,4,12,1511,6,29501
10,0,12,2185,10,86666
10,0,12,2185,10,68560
10,0,12,2185,10,67079
10,0,12,2185,10,67503
10,0,12,2185,10,66265
10,0,12,2185,10,67293
10,0,12,2185,10,67240
10,0,12,2185,10,67496
10,0,12,2185,10,66607
10,0,12,2185,10,66880
10,0,12,2185,10,66630
10,0,12,2185,10,67412
10,0,12,2185,10,66963
10,0,12,2185,10,66990
10,0,12,2185,10,66535
10,0,12,2185,10,66871
10,0,12,2185,10,67541
10,0,12,2185,10,66944
10,0,12,2185,10,67637
10,0,12,2185,10,67363
10,0,12,2185,10,67268
10,0,12,2185,10,66601
10,0,12,2185,10,67678
10,0,12,2185,10,67452
10,0,12,2185,10,67342
10,0,12,2185,10,66913
10,0,12,2185,10,77693
10,0,12,2185,10,65317
10,0,12,2185,10,65518
10,0,12,2185,10,64959
10,0,12,2185,10,67342
10,0,12,2185,10,65475
10,0,12,2185,10,79255
10,0,12,2185,10,67498
10,0,12,2185,10,66703
10,0,12,2185,10,68186
10,0,12,2185,10,67204
10,0,12,2185,10,67227
10,0,12,2185,10,66761
10,0,12,2185,10,67229
10,0,12,2185,10,67732
10,0,12,2185,10,66464
10,0,12,2185,10,66655
10,0,12,2185,10,67927
10,0,12,2185,10,66861
10,0,12,2185,10,66739
10,0,12,2185,10,66815
10,0,12,2185,10,79182
10,0,12,2185,10,78384
10,0,12,2185,10,67679
10,0,12,2185,10,67215
10,0,12,2185,10,68078
10,0,12,2185,10,89327
10,0,12,2185,10,66696
10,0,12,2185,10,67487
10,0,12,2185,10,68068
10,0,12,2185,10,67674
10,0,12,2185,10,68041
10,0,12,2185,10,68163
10,0,12,2185,10,68397
10,0,12,2185,10,80698
10,0,12,2185,10,69268
10,0,12,2185,10,67310
10,0,12,2185,10,77876
10,0,12,2185,10,77670
10,0,12,2185,10,86051
10,0,12,2185,10,67369
10,0,12,2185,10,66847
10,0,12,2185,10,66946
10,0,12,2185,10,67117
10,0,12,2185,10,66242
10,0,12,2185,10,66860
10,0,12,2185,10,67658
10,0,12,2185,10,66982
10,0,12,2185,10,66806
10,0,12,2185,10,66641
10,0,12,2185,10,66680
10,0,12,2185,10,67926
10,0,12,2185,10,67174
10,0,12,2185,10,92402
10,0,12,2185,10,66798
10,0,12,2185,10,67050
10,0,12,2185,10,68491
10,0,12,2185,10,67339
10,0,12,2185,10,67276
10,0,12,2185,10,66631
10,0,12,2185,10,67045
10,0,12,2185,10,67826
10,0,12,2185,10,67229
10,0,12,2185,10,67526
10,0,12,2185,10,67415
10,0,12,2185,10,68025
10,0,12,2185,10,67304
10,0,12,2185,10,66737
10,0,12,2185,10,66023
10,0,12,2185,10,67240
10,0,12,2185,10,67161
10,0,12,2185,10,66991
10,0,12,2185,10,67233
10,0,12,2185,10,66662
2,9,12,2973,7,12139
2,9,12,2973,7,15827
2,9,12,2973,7,15054
2,9,12,2973,7,15474
2,9,12,2973,7,15253
2,9,12,2973,7,14790
2,9,12,2973,7,15075
2,9,12,2973,7,15007
2,9,12,2973,7,15481
2,9,12,2973,7,14738
2,9,12,2973,7,14503
2,9,12,2973,7,14622
2,9,12,2973,7,14204
2,9,12,2973,7,14995
2,9,12,2973,7,14112
2,9,12,2973,7,14777
2,9,12,2973,7,14393
2,9,12,2973,7,14613
2,9,12,2973,7,14016
2,9,12,2973,7,14693
2,9,12,2973,7,14582
2,9,12,2973,7,14292
2,9,12,2973,7,14647
2,9,12,2973,7,15017
2,9,12,2973,7,14406
2,9,12,2973,7,14531
2,9,12,2973,7,13880
2,9,12,2973,7,14736
2,9,12,2973,7,14379
2,9,12,2973,7,14138
2,9,12,2973,7,14291
2,9,12,2973,7,14748
2,9,12,2973,7,14023
2,9,12,2973,7,14019
2,9,12,2973,7,14348
2,9,12,2973,7,14852
2,9,12,2973,7,14039
2,9,12,2973,7,15132
2,9,12,2973,7,14573
2,9,12,2973,7,14461
2,9,12,2973,7,14033
2,9,12,2973,7,14049
2,9,12,2973,7,14113
2,9,12,2973,7,14328
2,9,12,2973,7,14061
2,9,12,2973,7,14528
2,9,12,2973,7,14478
2,9,12,2973,7,14717
2,9,12,2973,7,14392
2,9,12,2973,7,14509
2,9,12,2973,7,14441
2,9,12,2973,7,14750
2,9,12,2973,7,14012
2,9,12,2973,7,14667
2,9,12,2973,7,14018
2,9,12,2973,7,14169
2,9,12,2973,7,13962
2,9,12,2973,7,14545
2,9,12,2973,7,14123
2,9,12,2973,7,14243
2,9,12,2973,7,14159
2,9,12,2973,7,14564
2,9,12,2973,7,14130
2,9,12,2973,7,14142
2,9,12,2973,7,14171
2,9,12,2973,7,14505
2,9,12,2973,7,13818
2,9,12,2973,7,14306
2,9,12,2973,7,14477
2,9,12,2973,7,14462
2,9,12,2973,7,14088
2,9,12,2973,7,14197
2,9,12,2973,7,14811
2,9,12,2973,7,14103
2,9,12,2973,7,14308
2,9,12,2973,7,14539
2,9,12,2973,7,14236
2,9,12,2973,7,14428
2,9,12,2973,7,14344
2,9,12,2973,7,14896
2,9,12,2973,7,14208
2,9,12,2973,7,14421
2,9,12,2973,7,14319
2,9,12,2973,7,13963
2,9,12,2973,7,14539
2,9,12,2973,7,14245
2,9,12,2973,7,14059
2,9,12,2973,7,14241
2,9,12,2973,7,14093
2,9,12,2973,7,14451
2,9,12,2973,7,13889
2,9,12,2973,7,14869
2,9,12,2973,7,14160
2,9,12,2973,7,14737
2,9,12,2973,7,14424
2,9,12,2973,7,14623
2,9,12,2973,7,14322
2,9,12,2973,7,14432
2,9,12,2973,7,14214
2,9,12,2973,7,14612
6,6,12,4711,11,26684
6,6,12,4711,11,32588
6,6,12,4711,11,31894
6,6,12,4711,11,32179
6,6,12,4711,11,31689
6,6,12,4711,11,31057
6,6,12,4711,11,31996
6,6,12,4711,11,31594
6,6,12,4711,11,31352
6,6,12,4711,11,31333
6,6,12,4711,11,31491
6,6,12,4711,11,32083
6,6,12,4711,11,31864
6,6,12,4711,11,31691
6,6,12,4711,11,31134
6,6,12,4711,11,31301
6,6,12,4711,11,30864
6,6,12,4711,11,31349
6,6,12,4711,11,31559
6,6,12,4711,11,31649
6,6,12,4711,11,31271
6,6,12,4711,11,31631
6,6,12,4711,11,30994
6,6,12,4711,11,31299
6,6,12,4711,11,31232
6,6,12,4711,11,31567
6,6,12,4711,11,31543
6,6,12,4711,11,30914
6,6,12,4711,11,31162
6,6,12,4711,11,31158
6,6,12,4711,11,31605
6,6,12,4711,11,31591
6,6,12,4711,11,31496
6,6,12,4711,11,30934
6,6,12,4711,11,31197
6,6,12,4711,11,31793
6,6,12,4711,11,31799
6,6,12,4711,11,31402
6,6,12,4711,11,30904
6,6,12,4711,11,31093
6,6,12,4711,11,31031
6,6,12,4711,11,30798
6,6,12,4711,11,30964
6,6,12,4711,11,32205
6,6,12,4711,11,31133
6,6,12,4711,11,30738
6,6,12,4711,11,31070
6,6,12,4711,11,31297
6,6,12,4711,11,31479
6,6,12,4711,11,30928
6,6,12,4711,11,30979
6,6,12,4711,11,35765
6,6,12,4711,11,31822
6,6,12,4711,11,31332
6,6,12,4711,11,30999
6,6,12,4711,11,31147
6,6,12,4711,11,31325
6,6,12,4711,11,31264
6,6,12,4711,11,30720
6,6,12,4711,11,30631
6,6,12,4711,11,31747
6,6,12,4711,11,31119
6,6,12,4711,11,31686
6,6,12,4711,11,30895
6,6,12,4711,11,31284
6,6,12,4711,11,31030
6,6,12,4711,11,31481
6,6,12,4711,11,31047
6,6,12,4711,11,30665
6,6,12,4711,11,31699
6,6,12,4711,11,30891
6,6,12,4711,11,31165
6,6,12,4711,11,30638
6,6,12,4711,11,31151
6,6,12,4711,11,31232
6,6,12,4711,11,31031
6,6,12,4711,11,31630
6,6,12,4711,11,32018
6,6,12,4711,11,31813
6,6,12,4711,11,31286
6,6,12,4711,11,31618
6,6,12,4711,11,30345
6,6,12,4711,11,31459
6,6,12,4711,11,30910
6,6,12,4711,11,31590
6,6,12,4711,11,31743
6,6,12,4711,11,30811
6,6,12,4711,11,31089
6,6,12,4711,11,31237
6,6,12,4711,11,31296
6,6,12,4711,11,31642
6,6,12,4711,11,31286
6,6,12,4711,11,30847
6,6,12,4711,11,30994
6,6,12,4711,11,31154
6,6,12,4711,11,31404
6,6,12,4711,11,30950
6,6,12,4711,11,30946
6,6,12,4711,11,31161
6,6,12,4711,11,31392
9,4,12,3002,11,50842
9,4,12,3002,11,59428
9,4,12,3002,11,55176
9,4,12,3002,11,55058
9,4,12,3002,11,54221
9,4,12,3002,11,54215
9,4,12,3002,11,55430
9,4,12,3002,11,55129
9,4,12,3002,11,54145
9,4,12,3002,11,53721
9,4,12,3002,11,54900
9,4,12,3002,11,55067
9,4,12,3002,11,54184
9,4,12,3002,11,53821
9,4,12,3002,11,55527
9,4,12,3002,11,54523
9,4,12,3002,11,54741
9,4,12,3002,11,54533
9,4,12,3002,11,54556
9,4,12,3002,11,54517
9,4,12,3002,11,54572
9,4,12,3002,11,55497
9,4,12,3002,11,54336
9,4,12,3002,11,55070
9,4,12,3002,11,54389
9,4,12,3002,11,54131
9,4,12,3002,11,55103
9,4,12,3002,11,53555
9,4,12,3002,11,53922
9,4,12,3002,11,54630
9,4,12,3002,11,54205
9,4,12,3002,11,53809
9,4,12,3002,11,54358
9,4,12,3002,11,54292
9,4,12,3002,11,61611
9,4,12,3002,11,55274
9,4,12,3002,11,55497
9,4,12,3002,11,54102
9,4,12,3002,11,53933
9,4,12,3002,11,54724
9,4,12,3002,11,54684
9,4,12,3002,11,54445
9,4,12,3002,11,53769
9,4,12,3002,11,54172
9,4,12,3002,11,54420
9,4,12,3002,11,54380
9,4,12,3002,11,54730
9,4,12,3002,11,53980
9,4,12,3002,11,55086
9,4,12,3002,11,54639
9,4,12,3002,11,54428
9,4,12,3002,11,54193
9,4,12,3002,11,55124
9,4,12,3002,11,53843
9,4,12,3002,11,54578
9,4,12,3002,11,53943
9,4,12,3002,11,54312
9,4,12,3002,11,54419
9,4,12,3002,11,54307
9,4,12,3002,11,53723
9,4,12,3002,11,54545
9,4,12,3002,11,54138
9,4,12,3002,11,55213
9,4,12,3002,11,53964
9,4,12,3002,11,54588
9,4,12,3002,11,53639
9,4,12,3002,11,53575
9,4,12,3002,11,54939
9,4,12,3002,11,54107
9,4,12,3002,11,54296
9,4,12,3002,11,53999
9,4,12,3002,11,53787
9,4,12,3002,11,54603
9,4,12,3002,11,53955
9,4,12,3002,11,54284
9,4,12,3002,11,53944
9,4,12,3002,11,55267
9,4,12,3002,11,53744
9,4,12,3002,11,54169
9,4,12,3002,11,54199
9,4,12,3002,11,54815
9,4,12,3002,11,54821
9,4,12,3002,11,54646
9,4,12,3002,11,53852
9,4,12,3002,11,54437
9,4,12,3002,11,53546
9,4,12,3002,11,54045
9,4,12,3002,11,53886
9,4,12,3002,11,54775
9,4,12,3002,11,53780
9,4,12,3002,11,54182
9,4,12,3002,11,54085
9,4,12,3002,11,54242
9,4,12,3002,11,53736
9,4,12,3002,11,53954
9,4,12,3002,11,53166
9,4,12,3002,11,54907
9,4,12,3002,11,53880
9,4,12,3002,11,55204
9,4,12,3002,11,58951
10,4,12,2836,13,72699
10,4,12,2836,13,65676
10,4,12,2836,13,64738
10,4,12,2836,13,65178
10,4,12,2836,13,64284
10,4,12,2836,13,63612
10,4,12,2836,13,63802
10,4,12,2836,13,64695
10,4,12,2836,13,63906
10,4,12,2836,13,63612
10,4,12,2836,13,64083
10,4,12,2836,13,64922
10,4,12,2836,13,89498
10,4,12,2836,13,63642
10,4,12,2836,13,64999
10,4,12,2836,13,63826
10,4,12,2836,13,64978
10,4,12,2836,13,63394
10,4,12,2836,13,63353
10,4,12,2836,13,65189
10,4,12,2836,13,63817
10,4,12,2836,13,64384
10,4,12,2836,13,64880
10,4,12,2836,13,63396
10,4,12,2836,13,75930
10,4,12,2836,13,63630
10,4,12,2836,13,64025
10,4,12,2836,13,64226
10,4,12,2836,13,64085
10,4,12,2836,13,64037
10,4,12,2836,13,64215
10,4,12,2836,13,64015
10,4,12,2836,13,64143
10,4,12,2836,13,88662
10,4,12,2836,13,64586
10,4,12,2836,13,63449
10,4,12,2836,13,63493
10,4,12,2836,13,63606
10,4,12,2836,13,64223
10,4,12,2836,13,64069
10,4,12,2836,13,65271
10,4,12,2836,13,63773
10,4,12,2836,13,64449
10,4,12,2836,13,63351
10,4,12,2836,13,64009
10,4,12,2836,13,64029
10,4,12,2836,13,63272
10,4,12,2836,13,63630
10,4,12,2836,13,63687
10,4,12,2836,13,63893
10,4,12,2836,13,63007
10,4,12,2836,13,63811
10,4,12,2836,13,64191
10,4,12,2836,13,64342
10,4,12,2836,13,93869
10,4,12,2836,13,63942
10,4,12,2836,13,64965
10,4,12,2836,13,64481
10,4,12,2836,13,64246
10,4,12,2836,13,64261
10,4,12,2836,13,63914
10,4,12,2836,13,75662
10,4,12,2836,13,64195
10,4,12,2836,13,63862
10,4,12,2836,13,63085
10,4,12,2836,13,63435
10,4,12,2836,13,64935
10,4,12,2836,13,64600
10,4,12,2836,13,64141
10,4,12,2836,13,63810
10,4,12,2836,13,63817
10,4,12,2836,13,64006
10,4,12,2836,13,63865
10,4,12,2836,13,63532
10,4,12,2836,13,64704
10,4,12,2836,13,64287
10,4,12,2836,13,63909
10,4,12,2836,13,63434
10,4,12,2836,13,64141
10,4,12,2836,13,63639
10,4,12,2836,13,63687
10,4,12,2836,13,64066
10,4,12,2836,13,64153
10,4,12,2836,13,87693
10,4,12,2836,13,63944
10,4,12,2836,13,63780
10,4,12,2836,13,63472
10,4,12,2836,13,63959
10,4,12,2836,13,63010
10,4,12,2836,13,63728
10,4,12,2836,13,63241
10,4,12,2836,13,64075
10,4,12,2836,13,63810
10,4,12,2836,13,63555
10,4,12,2836,13,63268
10,4,12,2836,13,64004
10,4,12,2836,13,64010
10,4,12,2836,13,64073
10,4,12,2836,13,64102
10,4,12,2836,13,63452
10,5,12,3135,12,72200
10,5,12,3135,12,65151
10,5,12,3135,12,64386
10,5,12,3135,12,63672
10,5,12,3135,12,63984
10,5,12,3135,12,63902
10,5,12,3135,12,64121
10,5,12,3135,12,63747
10,5,12,3135,12,75969
10,5,12,3135,12,87495
10,5,12,3135,12,64180
10,5,12,3135,12,63587
10,5,12,3135,12,64535
10,5,12,3135,12,63955
10,5,12,3135,12,63615
10,5,12,3135,12,63387
10,5,12,3135,12,63922
10,5,12,3135,12,63038
10,5,12,3135,12,63491
10,5,12,3135,12,63605
10,5,12,3135,12,63853
10,5,12,3135,12,63752
10,5,12,3135,12,63735
10,5,12,3135,12,63861
10,5,12,3135,12,64620
10,5,12,3135,12,62999
10,5,12,3135,12,63210
10,5,12,3135,12,63555
10,5,12,3135,12,64524
10,5,12,3135,12,63623
10,5,12,3135,12,64009
10,5,12,3135,12,63939
10,5,12,3135,12,63959
10,5,12,3135,12,62996
10,5,12,3135,12,62743
10,5,12,3135,12,63447
10,5,12,3135,12,63521
10,5,12,3135,12,63221
10,5,12,3135,12,63184
10,5,12,3135,12,89037
10,5,12,3135,12,63599
10,5,12,3135,12,62970
10,5,12,3135,12,62848
10,5,12,3135,12,63804
10,5,12,3135,12,63294
10,5,12,3135,12,64098
10,5,12,3135,12,64501
10,5,12,3135,12,62794
10,5,12,3135,12,64742
10,5,12,3135,12,63875
10,5,12,3135,12,63826
10,5,12,3135,12,63630
10,5,12,3135,12,64014
10,5,12,3135,12,63788
10,5,12,3135,12,63801
10,5,12,3135,12,63559
10,5,12,3135,12,63308
10,5,12,3135,12,63229
10,5,12,3135,12,63733
10,5,12,3135,12,63050
10,5,12,3135,12,76685
10,5,12,3135,12,63710
10,5,12,3135,12,64322
10,5,12,3135,12,63719
10,5,12,3135,12,68360
10,5,12,3135,12,73534
10,5,12,3135,12,62049
10,5,12,3135,12,62413
10,5,12,3135,12,61720
10,5,12,3135,12,61601
10,5,12,3135,12,61240
10,5,12,3135,12,61749
10,5,12,3135,12,61798
10,5,12,3135,12,60786
10,5,12,3135,12,61515
10,5,12,3135,12,62166
10,5,12,3135,12,60939
10,5,12,3135,12,61509
10,5,12,3135,12,61877
10,5,12,3135,12,61579
10,5,12,3135,12,61976
10,5,12,3135,12,62048
10,5,12,3135,12,75784
10,5,12,3135,12,65185
10,5,12,3135,12,65265
10,5,12,3135,12,66405
10,5,12,3135,12,65453
10,5,12,3135,12,65366
10,5,12,3135,12,65349
10,5,12,3135,12,65298
10,5,12,3135,12,65505
10,5,12,3135,12,65595
10,5,12,3135,12,66218
10,5,12,3135,12,65832
10,5,12,3135,12,66011
10,5,12,3135,12,65873
10,5,12,3135,12,65794
10,5,12,3135,12,65244
10,5,12,3135,12,65309
10,5,12,3135,12,66010
6,10,12,3016,11,27662
6,10,12,3016,11,34693
6,10,12,3016,11,33709
6,10,12,3016,11,33827
6,10,12,3016,11,33094
6,10,12,3016,11,33108
6,10,12,3016,11,33467
6,10,12,3016,11,33239
6,10,12,3016,11,33260
6,10,12,3016,11,33106
6,10,12,3016,11,43664
6,10,12,3016,11,31014
6,10,12,3016,11,31753
6,10,12,3016,11,30437
6,10,12,3016,11,30093
6,10,12,3016,11,30692
6,10,12,3016,11,30818
6,10,12,3016,11,30888
6,10,12,3016,11,44345
6,10,12,3016,11,44292
6,10,12,3016,11,30876
6,10,12,3016,11,31038
6,10,12,3016,11,31315
6,10,12,3016,11,31003
6,10,12,3016,11,30818
6,10,12,3016,11,31282
6,10,12,3016,11,30258
6,10,12,3016,11,30981
6,10,12,3016,11,30950
6,10,12,3016,11,31072
6,10,12,3016,11,30577
6,10,12,3016,11,30353
6,10,12,3016,11,30928
6,10,12,3016,11,30816
6,10,12,3016,11,30444
6,10,12,3016,11,30757
6,10,12,3016,11,30849
6,10,12,3016,11,52620
6,10,12,3016,11,31380
6,10,12,3016,11,30903
6,10,12,3016,11,30288
6,10,12,3016,11,30453
6,10,12,3016,11,30851
6,10,12,3016,11,30988
6,10,12,3016,11,30547
6,10,12,3016,11,30906
6,10,12,3016,11,31043
6,10,12,3016,11,31288
6,10,12,3016,11,31011
6,10,12,3016,11,30907
6,10,12,3016,11,31030
6,10,12,3016,11,30655
6,10,12,3016,11,30793
6,10,12,3016,11,31283
6,10,12,3016,11,31298
6,10,12,3016,11,31082
6,10,12,3016,11,30946
6,10,12,3016,11,31375
6,10,12,3016,11,45136
6,10,12,3016,11,33517
6,10,12,3016,11,33046
6,10,12,3016,11,33628
6,10,12,3016,11,33381
6,10,12,3016,11,33400
6,10,12,3016,11,33668
6,10,12,3016,11,33896
6,10,12,3016,11,33610
6,10,12,3016,11,33057
6,10,12,3016,11,32766
6,10,12,3016,11,33718
6,10,12,3016,11,32438
6,10,12,3016,11,33150
6,10,12,3016,11,32702
6,10,12,3016,11,33021
6,10,12,3016,11,32934
6,10,12,3016,11,33036
6,10,12,3016,11,33025
6,10,12,3016,11,33039
6,10,12,3016,11,32840
6,10,12,3016,11,32753
6,10,12,3016,11,32637
6,10,12,3016,11,32322
6,10,12,3016,11,33209
6,10,12,3016,11,32704
6,10,12,3016,11,32436
6,10,12,3016,11,32955
6,10,12,3016,11,33010
6,10,12,3016,11,32788
6,10,12,3016,11,33188
6,10,12,3016,11,32734
6,10,12,3016,11,34141
6,10,12,3016,11,34318
6,10,12,3016,11,32351
6,10,12,3016,11,33202
6,10,12,3016,11,32595
6,10,12,3016,11,34095
6,10,12,3016,11,33950
6,10,12,3016,11,33507
6,10,12,3016,11,33784
6,10,12,3016,11,33590
1,16,12,717,4,10872
1,16,12,717,4,12582
1,16,12,717,4,12824
1,16,12,717,4,12776
1,16,12,717,4,12770
1,16,12,717,4,12836
1,16,12,717,4,13488
1,16,12,717,4,12879
1,16,12,717,4,12686
1,16,12,717,4,12889
1,16,12,717,4,12969
1,16,12,717,4,12659
1,16,12,717,4,13316
1,16,12,717,4,13017
1,16,12,717,4,12798
1,16,12,717,4,12877
1,16,12,717,4,12960
1,16,12,717,4,12637
1,16,12,717,4,12542
1,16,12,717,4,12653
1,16,12,717,4,12606
1,16,12,717,4,12480
1,16,12,717,4,13538
1,16,12,717,4,12882
1,16,12,717,4,12649
1,16,12,717,4,12460
1,16,12,717,4,12945
1,16,12,717,4,12293
1,16,12,717,4,13965
1,16,12,717,4,12474
1,16,12,717,4,13276
1,16,12,717,4,13032
1,16,12,717,4,12650
1,16,12,717,4,12445
1,16,12,717,4,12523
1,16,12,717,4,12606
1,16,12,717,4,12574
1,16,12,717,4,13226
1,16,12,717,4,12207
1,16,12,717,4,13179
1,16,12,717,4,13312
1,16,12,717,4,12647
1,16,12,717,4,12435
1,16,12,717,4,13172
1,16,12,717,4,12424
1,16,12,717,4,13007
1,16,12,717,4,13080
1,16,12,717,4,13062
1,16,12,717,4,12370
1,16,12,717,4,13051
1,16,12,717,4,12714
1,16,12,717,4,12887
1,16,12,717,4,12412
1,16,12,717,4,12956
1,16,12,717,4,12622
1,16,12,717,4,12630
1,16,12,717,4,12818
1,16,12,717,4,12932
1,16,12,717,4,12575
1,16,12,717,4,12766
1,16,12,717,4,12389
1,16,12,717,4,12916
1,16,12,717,4,12434
1,16,12,717,4,12743
1,16,12,717,4,12266
1,16,12,717,4,13031
1,16,12,717,4,12783
1,16,12,717,4,13204
1,16,12,717,4,12570
1,16,12,717,4,13316
1,16,12,717,4,12280
1,16,12,717,4,12671
1,16,12,717,4,13541
1,16,12,717,4,12581
1,16,12,717,4,23994
1,16,12,717,4,11764
1,16,12,717,4,11703
1,16,12,717,4,11872
1,16,12,717,4,12265
1,16,12,717,4,12026
1,16,12,717,4,11913
1,16,12,717,4,11839
1,16,12,717,4,12026
1,16,12,717,4,12445
1,16,12,717,4,12075
1,16,12,717,4,12237
1,16,12,717,4,12296
1,16,12,717,4,11780
1,16,12,717,4,11924
1,16,12,717,4,12464
1,16,12,717,4,12255
1,16,12,717,4,11668
1,16,12,717,4,12151
1,16,12,717,4,11812
1,16,12,717,4,12060
1,16,12,717,4,12109
1,16,12,717,4,12185
1,16,12,717,4,11851
1,16,12,717,4,11972
1,16,12,717,4,11887